section,chno,title,group,logo,url
AM RADIO STREAMS,11130,WBBR 1130,RADIO - AM,https://www.bloombergradio.com/content/plugins/bloomberg-favicon/dist/img/amber-120x120.png,http://26433.live.streamtheworld.com/WBBRAMAAC_SC
FM RADIO STREAMS,10893,WGSU 89.3,RADIO - FM,http://wgsu.geneseo.edu/themes/custom/geneseo_bootstrap5/images/geneseo-favicon.png,http://wgsu-live.geneseo.edu:8000/icy_0
,10897,WRUC 89.7,RADIO - FM,https://wruc.union.edu/favicon.ico,https://wruc.union.edu/stream
,10899,WKCR 89.9,RADIO - FM,https://www.cc-seas.columbia.edu/wkcr/favicon.ico,http://wkcr.streamguys1.com/live
,10901,WUSB 90.1,RADIO - FM,http://www.wusb.fm/favicon.ico,http://stream.wusb.stonybrook.edu:8090/;.mp3
,10907,WFUV 90.7,RADIO - FM,https://wfuv.org/themes/custom/wfuv/favicon.ico,https://onair.wfuv.org/onair-aacplus
,10909,WCDB 90.9,RADIO - FM,http://wcdbfm.com/favicon.ico,https://streams.wcdb.fm/stream
,10913,WVKR 91.3,RADIO - FM,https://www.wvkr.org/favicon.ico,https://26733.live.streamtheworld.com/WVKRFM.mp3
,10939,WNYC 93.9,RADIO - FM,https://media.wnyc.org/i/300/300/c/80/1/wnyc_square_logo.png,http://fm939.wnyc.org/wnycfm.aac
,10955,WYJB 95.5,RADIO - FM,https://mmo.aiircdn.com/1023/642461256eba0.png,https://ais-sa1.streamon.fm/7821_128k.aac
,10963,Radio Rusrek Радио Русская Реклама 96.3 FM-HD3 New York,RADIO - FM,https://play-lh.googleusercontent.com/1cH88jLFD307RXVsGNE9hrWoKY_WgvQ9RBmlyvImob3YekFB_gN9fcUt8M1fRUgtQQ,http://s1.premium-streaming.com:9002/stream
,10975,WFRY 97.5,RADIO - FM,https://froggy97.com/favicon.ico,http://ice66.securenetsystems.net/WFRY
,10979,La Mega 97.9,RADIO - FM,https://audio.lamusica.com/artworks/5e948c4782812cf282342485.svg,https://liveaudio.lamusica.com/NY_WSKQ_icy?source=TuneIn&bundle=tunein.com&lat=36.3933&long=-97.9158
,10983,KJOY 98.3,RADIO - FM,https://en.wikipedia.org/wiki/File:K98.3_Long_Island_logo.png,http://17813.live.streamtheworld.com/KJOYFM_SC
,10995,WBAI 99.5,RADIO - FM,http://www.wbai.org/favicon.ico,http://stream.wbai.org:8000/wbai_128
,11003,WHTZ 100.3,RADIO - FM,"https://i.iheart.com/v3/re/assets.brands/5e7b5d50bee47a8a2b396059?ops=gravity(%22center%22),contain(360,360)&quality=80",http://stream.revma.ihrhls.com/zc1469
,11015,KISS 101.5,RADIO - FM,https://zeno.fm/_ipx/s_224x224/https://images.zeno.fm/4tcZWeT-uxznsndUIr6fJaT43NmEFIBaJLhdro7g4gs/rs:fill:288:288/g:ce:0:0/aHR0cHM6Ly9wcm94eS56ZW5vLmZtL2NvbnRlbnQvc3RhdGlvbnMvNTRhMmJjNWUtOGRkMS00Y2I2LThlOGQtMzg5MTg5NWZhZTkyL2ltYWdlLz91PTE3NDE3MzI1MTMwMDA.webp,https://stream.zeno.fm/q0si4olfobwvv
,11019,Party 101.9 Radio,RADIO - FM,https://party1019.com/wp-content/uploads/2019/09/cropped-icon-180x180.png,http://c2409ic1.fast-serv.com/stream
,11035,WKTU 103.5,RADIO - FM,"https://i.iheart.com/v3/re/assets.brands/5e7b5ddfbee47a8a2b39605d?ops=gravity(%22center%22),contain(300,300)&quality=80",https://ample.revma.ihrhls.com/zc1473/47_1rikugy8mw9th02/playlist.m3u8
,11041,WHTT 104.1,RADIO - FM,https://www.radio-browser.info/favicon.ico,https://27053.live.streamtheworld.com/WHTTFMAAC.aac?
,11043,Q104.3 New York's Classic Rock,RADIO - FM,"https://i.iheart.com/v3/re/assets.brands/665f3e55e7175a647c82e455?ops=gravity(%22center%22),contain(300,300)&quality=80",https://stream.revma.ihrhls.com/zc1465
,11055,WSKU 105.5,RADIO - FM,http://cnykiss.com/favicon.ico,http://ice5.securenetsystems.net/WSKS
,11059,WQXR 105.9,RADIO - FM,https://media.wnyc.org/i/500/500/c/80/1/wqxr_1_1.png,https://stream.wqxr.org/wqxr-web?nyprBrowserId=32c67956bf1d5600
,11067,WLTW 106.7,RADIO - FM,"https://i.iheart.com/v3/re/assets.brands/5a4bd7d83192e41c9d339ce0?ops=new(),flood(%22white%22),swap(),merge(%22over%22),gravity(%22center%22),contain(167,167),quality(80),format(%22png%22)",http://stream.revma.ihrhls.com/zc1477
,11071,WWZY 107.1,RADIO - FM,https://1071theboss.com/wp-content/uploads/2020/01/BOSS-web-2022.png,https://prod-54-162-171-6.amperwave.net/press-wwzyfmaac-hlsc1.m3u8/
OTHER STREAMS,,Classic Vinyl HD,RADIO,https://icecast.walmradio.com:8443/classic.jpg,https://icecast.walmradio.com:8443/classic
,,Adroit Jazz Underground,RADIO,https://icecast.walmradio.com:8443/jazz.jpg,https://icecast.walmradio.com:8443/jazz
,,WALM - Old Time Radio,RADIO,https://icecast.walmradio.com:8443/otr.jpg,https://icecast.walmradio.com:8443/otr
,,Christmas Vinyl HD,RADIO,https://icecast.walmradio.com:8443/christmas.png,https://icecast.walmradio.com:8443/christmas
,,Adroit Jazz Underground HD Opus,RADIO,https://icecast.walmradio.com:8443/jazz.jpg,https://icecast.walmradio.com:8443/jazz_opus
,,Classic Vinyl HD Opus,RADIO,https://icecast.walmradio.com:8443/classic.jpg,https://icecast.walmradio.com:8443/classic_opus
,,Christmas Vinyl HD Opus,RADIO,https://icecast.walmradio.com:8443/christmas.jpg,https://icecast.walmradio.com:8443/christmas_opus
,,__1 oldies,RADIO,https://musica80.radioclub.es/favicon.ico,https://80sexitos.stream.laut.fm/80sexitos
,,Free FM New York,RADIO,https://3.bp.blogspot.com/-BTWauI1ML7o/XZOklz5WuRI/AAAAAAAAAeA/R8qBxhme8UEELRogqYOhtWG4p0BVhiwVgCK4BGAYYCw/s752/free%2Bancho.jpg,https://rocafmadrid.radioca.st/
,,WFMU,RADIO,https://wfmu.org/images/wfmu_logo_94.gif,http://stream2.wfmu.org/freeform-128k
,,Planet HipHop (MRG.fm),RADIO,https://mrg.fm/img/planethiphop125.jpg,http://listen.mrg.fm:8100/stream
,,"The Reggae Spin with Garfield, Mikey G, & Keveon",RADIO,https://reggaespin.com/wp-content/uploads/2025/01/cropped-The-Reggae-Spin-01.png,https://104.248.200.131/listen/reggaespin/radio.mp3
,,The Lot Radio,RADIO,https://cdn.prod.website-files.com/5f4bdfc87623ea5cc5d24cf3/606da84551eef3d5fa8c0cb9_icon.png,https://livepeercdn.studio/hls/85c28sa2o8wppm58/index.m3u8
,,Frisky Deep [http],RADIO,https://s3.amazonaws.com/media.friskyradio.com/favicon.png,http://stream.deep.friskyradio.com/deep_mp3_high
,,Jammin Oldies Radio - Jammin 105,RADIO,http://jamminoldiesradio.com/favicon.ico,https://tlawler2.radioca.st/;
,,Zero Beat Zone (MRG.fm),RADIO,https://mrg.fm/img/zerobeatzone125.jpg,http://listen.mrg.fm:8800/stream
,,Oldies Radio,RADIO,https://oldiesradiolive365.com/favicon.ico,https://streaming.live365.com/a02077
,,JazzRadio (MRG.fm),RADIO,https://mrg.fm/img/jazzradio125.jpg,http://listen.mrg.fm:8040/stream
,,90sRadio (MRG.fm),RADIO,https://mrg.fm/img/90sradio125.jpg,http://listen.mrg.fm:8050/stream
,,AmbientRadio (MRG.fm),RADIO,https://mrg.fm/img/ambientradio125.jpg,http://listen.mrg.fm:8888/stream
,,Deep Link Radio - Old Soulful House Music,RADIO,"https://t1.gstatic.com/faviconV2?client=SOCIAL&type=FAVICON&fallback_opts=TYPE,SIZE,URL&url=https://www.deeplink.stream/soulful-link-radio&size=256",https://deeperlink.com:8052/soulful
,,60sRadio (MRG.fm),RADIO,https://mrg.fm/img/ambientradio125.jpg,http://listen.mrg.fm:8020/stream
,,70sRadio (MRG.fm),RADIO,https://mrg.fm/img/60sradio125.jpg,http://listen.mrg.fm:8030/stream
,,Nick the Rat Radio,RADIO,https://nicktherat.com/favicon.ico,https://s2.reliastream.com/proxy/nick1?mp=/stream
,,RockRadio (MRG.fm),RADIO,https://mrg.fm/img/rockradio125.jpg,http://listen.mrg.fm:8080/stream
,,"Канал ""Русский ХИТ"" Radio Rusrek Радио Русская Реклама",RADIO,https://radio.rusrek.com/images/phocaopengraph/logo-2019-06.jpg,https://securestreams6.autopo.st:2130/onlyrussian
,,Drone Radio (MRG.fm),RADIO,https://mrg.fm/img/droneradio125.jpg,http://listen.mrg.fm:8070/stream
,,Afrobeats Rising Radio,RADIO,https://zeno.fm/_next/image/?url=https%3A%2F%2Fimages.zeno.fm%2FWUCzymdyj6ONlEodR_rKPcNI6PEDrfvP794nkeqYIew%2Frs%3Afit%3A240%3A240%2Fg%3Ace%3A0%3A0%2FaHR0cHM6Ly9zdHJlYW0tdG9vbHMuemVub21lZGlhLmNvbS9jb250ZW50L3N0YXRpb25zL2RjYmE5MDRlLWZlYzQtNDZjNy1iNDZhLTMwMDEyNmNjYjRmMS9pbWFnZS8_dXBkYXRlZD0xNzA3Njc2MTg3MDAw.webp&w=1920&q=100,https://stream.zeno.fm/fmf6pyudu3kvv
,,100 XR,RADIO,https://xr.dockl.com/100xr-logo-300sq.png,https://xr.dockl.com/stream
,,BluesRadio (MRG.fm),RADIO,https://mrg.fm/img/bluesradio125.jpg,http://listen.mrg.fm:8188/stream
,,Midnite Radio - The Original!,RADIO,https://i.postimg.cc/k4RT669x/Midnite-Radio-Resized288-X192.png,https://a7.asurahosting.com:7510/radio.mp3
,,Frisky Classics,RADIO,https://s3.amazonaws.com/media.friskyradio.com/favicon.pnghttps://s3.amazonaws.com/media.friskyradio.com/favicon.png,https://stream.classics.friskyradio.com/classics_mp3_high
,,"Канал ""Музыка без слов"" Radio Rusrek Радио Русская Реклама",RADIO,https://radio.rusrek.com/templates/rusrek/favicon.ico,https://securestreams6.autopo.st:2130/instrumental
,,Deep Link Radio - Jazzier Link Radio,RADIO,"https://t1.gstatic.com/faviconV2?client=SOCIAL&type=FAVICON&fallback_opts=TYPE,SIZE,URL&url=https://www.deeplink.stream/soulful-link-radio&size=256",https://deeperlink.com:8012/stream
,,LoFi Afrobeats Radio,RADIO,https://zeno.fm/_next/image/?url=https%3A%2F%2Fimages.zeno.fm%2FzZe3OLAP0usX0Z0Q53XrrFuLKaNHO50zZ0gS3s8578k%2Frs%3Afit%3A240%3A240%2Fg%3Ace%3A0%3A0%2FaHR0cHM6Ly9zdHJlYW0tdG9vbHMuemVub21lZGlhLmNvbS9jb250ZW50L3N0YXRpb25zLzc1MTZmNTdlLTQ3ZTctNDQ1My1hYzFkLWRkNDliZGE5OWExZS9pbWFnZS8_dXBkYXRlZD0xNjk4NzExMzA2MDAw.webp&w=1920&q=100,https://stream.zeno.fm/34vsiqt1kaktv
,,Chabad.org Jewish Music,RADIO,https://www.chabad.org/library/article_cdo/aid/3963652/jewish/Jewish-Music-App.htm/favicon.ico,https://stream.radio.co/sdfd68a101/listen
,,24/7 MJ Radio,RADIO,https://oetpai.fra1.digitaloceanspaces.com/new_images/radioapp_uapk_osr221316.jpg,https://stream.zeno.fm/us5et3sns0hvv
,,Dedog's Fm,RADIO,https://zeno.fm/amp/radio/dedogs-fm/favicon.ico,https://stream-150.zeno.fm/8br78fp6rrhvv?zs=tNMv3fliQ66phPGduYxuYA
,,Deep Link Radio - Soulful Link Radio,RADIO,"https://t1.gstatic.com/faviconV2?client=SOCIAL&type=FAVICON&fallback_opts=TYPE,SIZE,URL&url=https://www.deeplink.stream/soulful-link-radio&size=256",https://deeperlink.com:8072/stream
,,Good For The Soul,RADIO,https://www.mcrmidnightcafe.com/favicon.ico,https://goodosoulchannel.out.airtime.pro/goodosoulchannel_a
,,LoungeRadio (MRG.fm),RADIO,https://mrg.fm/img/loungeradio125.jpg,http://listen.mrg.fm:8060/stream
,,The Lot,RADIO,https://www.thelotradio.com/favicon.ico,https://mdw-prod-catalyst-0.lp-playback.studio/hls/video+85c28sa2o8wppm58/0_1/index.m3u8
,,Galattica FM >>FastMix<,RADIO,https://zeno.fm/favicon.ico,http://stream.zeno.fm/91gmf5w1198uv
,,Bust.club,RADIO,https://upload.wikimedia.org/wikipedia/en/thumb/6/63/Cum_Town_logo.png/250px-Cum_Town_logo.png,https://bust.club/hls/bust1.m3u8
,,East Village Radio,RADIO,https://scontent-ord5-2.xx.fbcdn.net/v/t39.30808-6/298771159_536298024894746_8884550088666782519_n.jpg?_nc_cat=104&ccb=1-7&_nc_sid=6ee11a&_nc_ohc=vnnoLlxvOXwQ7kNvgENlHiN&_nc_zt=23&_nc_ht=scontent-ord5-2.xx&_nc_gid=A_lBTrHizmxJ13JV9qwCnWO&oh=00_AYBUZuMvG-l2vPnfbGHQnsVBvWidIejB8_7keDKxq4zOLw&oe=6790CACD,https://east-village-radio.radiocult.fm/stream
,,Dee Rock Radio,RADIO,https://deerockradio.com/logo_1000.jpg,http://stream.deerockradio.com/listen
,,iHeartRadio Broadway,RADIO,https://www.iheart.com/live/iheartradio-broadway-7378/favicon.ico,http://stream.revma.ihrhls.com/zc7378/hls.m3u8
,,FUNKY THRILLS RADIO,RADIO,http://www.funkythrills.com/favicon.ico,https://mira.streamerr.co/hls/httpswww.funkythrills.com/live.m3u8
,,Chabad.org Torah Classes Radio,RADIO,https://www.chabad.org/favicon.ico,https://streams.radio.co/s9f35c3afc/listen
,,iCatholicRadio,RADIO,https://www.thestationofthecross.com/stations/#icatholicradio/favicon.ico,http://hfc.streamguys1.com/wqom
,,Dancefloor 365 Radio,RADIO,https://dancefloor365.com/favicon.png,http://radio.dancefloor365.com:8000/live
,,"Bloomberg AM New York, NY",RADIO,https://www.bloombergradio.com/content/plugins/bloomberg-favicon/dist/img/amber-120x120.png,http://20593.live.streamtheworld.com:3690/WBBRNYAAC_SC
,,Nostalgie New York,RADIO,https://demigod-assets.sgp1.cdn.digitaloceanspaces.com/landingpages/fatcai/faviconcai.webp,http://c32.radioboss.fm:8139/stream
,,Radio Country Live New York,RADIO,https://cdn-elements.radiostreamlive.com/v1/images/favicon.ico,https://streaming.radiostreamlive.com/radiocountrylive_devices
,,Radio New York Live,RADIO,https://cdn-elements.radiostreamlive.com/v1/images/favicon.ico,https://streaming.radiostreamlive.com/radionylive_devices
,,Radio Love Live New York,RADIO,https://cdn-elements.radiostreamlive.com/v1/images/favicon.ico,https://streaming.radiostreamlive.com/radiolovelive_devices
,,Free FM Chill New York,RADIO,https://lh3.googleusercontent.com/lqUvzW7kJu0P5C9RGWHvuTLMa9rLl8KcMkhTUHbN9MadQ1zWCYkK716Hojtl1z2VMmZy59zEbUcPw6tnTGZWk2gJBTGGlKGbJ2DUhDuZ2t8eoj5JirGQyUE_s1O6mZJgLg=w1280,https://freefmchill.radioca.st/
,,"WLIR.fm New York, NY",RADIO,https://dehayf5mhw1h7.cloudfront.net/wp-content/uploads/sites/1494/2018/03/22100847/cropped-wabc-logo-1024-1024-3-180x180.png,http://hydra.cdnstream.com/1552_128?cb=71750.mp3
,,Free FM 80s New York,RADIO,https://lh3.googleusercontent.com/ttG1OJj2sBvRSsWyaoZfIh7HiVURLdUai3YR9I7PfAjCyv--4SXjoc-TeZwdLBiN2aK6R_PR_33ZG5dN0t1fG7wNuhNQe5c24DFLtkViQnrv6wi0VcAlnGgZ7r_wM2SE=w1280,https://freefm80.radioca.st/
,,Radio Cadena Stereo New York,RADIO,,http://stream.zeno.fm/p7aavnhghg0uv
,,Radio New York - YT,RADIO,https://hoth.alonhosting.com:1425/stream/favicon.ico,https://hoth.alonhosting.com:1425/stream
,,Mega St☆r New York,RADIO,https://i.ytimg.com/vi/s4rgiw1yd84/hqdefault.jpg,http://stream.zeno.fm/86r898hwfs8uv
,,New York City Area NOAA Weather Radio KWO35,RADIO,https://s.broadcastify.com/icons/apple-icon-120x120.png,https://broadcastify.cdnstream1.com/25412
,,Classic Oldies New York,RADIO,https://www.classicoldiesradio.com/favicon.ico,http://streaming.radio.co/s88a0bddf2/listen
,,Wave Farm Pond Station - New York,RADIO,https://wavefarm.org/images/mobile-logo6.png,https://audio.wavefarm.org/pondstation.mp3
,,Frisky,RADIO,https://s3.amazonaws.com/media.friskyradio.com/favicon.png,http://stream2.friskyradio.com/frisky_mp3_hi
,,WeRave Music Radio 01 - Dark and Underground,RADIO,https://werave.com.br/wp-content/uploads/cropped-weravemusic-180x180.png,https://stream.zeno.fm/pjktyby8dn5tv
,,Frisky Deep,RADIO,https://s3.amazonaws.com/media.friskyradio.com/favicon.png,http://deep.friskyradio.com/friskydeep_aachi
,,Frisky Chill,RADIO,https://s3.amazonaws.com/media.friskyradio.com/favicon.png,http://chill.friskyradio.com/friskychill_mp3_high
,,WKDM 纽约华语广播国语台,RADIO,http://gbm.123tv.cn/file/2023/08-1690893620.jpg,https://video1.getstreamhosting.com:8292/stream?.mp3
,,Progressive Radio Network,RADIO,https://prn.live/favicon.ico,http://216.55.165.146:8000/;
,,Radio Italy Live,RADIO,https://cdn-elements.radiostreamlive.com/v1/images/favicon.ico,https://streaming.radiostreamlive.com/radioitalylive_devices
,,Radio Symphony,RADIO,https://cdn-elements.radiostreamlive.com/v1/images/favicon.ico,https://streaming.radiostreamlive.com/radiosymphony_devices
,,"Radio Free Brooklyn.com - Brooklyn, NY",RADIO,https://www.radiofreebrooklyn.org/wp-content/uploads/2021/10/cropped-rfb_favicon-180x180.png,http://us1.internet-radio.com:8155/live
,,El Metro Salsero,RADIO,http://www.elmetrosalsero.com/favicon.ico,http://s5.voscast.com:7516/stream
